SMILES,IC50
O=C1Nc2ccccc2/C1=C\c1ccc(O)cc1,1800
Cc1cc(C)c(/C=C2\C(=O)Nc3ccc(-c4cccnc4)cc32)[nH]1,2300
Nc1n[nH]c2cccc(-c3ccc(NC(=O)Nc4cccc(Br)c4)cc3)c12,106
CCc1cccc(NC(=O)Nc2ccc(-c3cccc4[nH]nc(N)c34)cc2)c1,55
CNC(=O)c1cc(Oc2ccc(NC(=O)Nc3ccc(Cl)c(C(F)(F)F)c3)cc2)ccn1,58
Nc1noc2cccc(-c3ccc(NC(=O)Nc4ccccc4C(F)(F)F)cc3)c12,1570
Nc1noc2cccc(-c3ccc(NC(=O)Nc4ccccc4OC(F)(F)F)cc3)c12,60
Nc1noc2cccc(-c3ccc(NC(=O)Nc4ccccc4F)cc3)c12,8
COc1cc2c(N3CCN(C(=O)Nc4ccc(OC(C)C)cc4)CC3)ncnc2cc1OCCCN1CCCCC1,170
c1cc(-c2cnn3cc(-c4ccc(OCCN5CCOCC5)cc4)cnc23)ccn1,1
COc1cc2c(N3CCN(C(=O)Nc4ccc(OC(C)C)cc4)CC3)ncnc2cc1OCCCN1CCC(C)CC1,128
CN1CCN(Cc2ccc(-c3cnc4[nH]cc(-c5cnc6[nH]ccc6c5)c4c3)cc2)CC1,730
CCN(CC)C/C=C/C(=O)NC/C=C/c1cc(OC)cc(O)c1C(=O)OC(C)C,15900
Cc1nc(N)sc1-c1ccnc(Nc2ccc(N3CCOCC3)cc2)n1,25.12
CCc1cc(NC(=O)Nc2ccc(-c3cnc(Nc4cc(N5CCN(CC)CC5)nc(C)n4)s3)cc2)no1,10
OC1CCCCCCCNc2ncc3c(-c4ccc(N5CCOCC5)cc4)cn(c3n2)CCCC1,68
CN1CCN(Cc2ccc(-c3cn4c5nc(ncc35)NCCCCCCCCC(O)CCC4)cc2)CC1,8.9
CN1CCN(Cc2ccc(-c3cn4c5nc(ncc35)NCCCCCCC(O)CCCC4)cc2)CC1,12
O=C1Nc2ccc(F)cc2/C1=C/c1cc(F)c2cccccc1-2,23
Cc1ccc(Nc2nc(NCCc3ccncc3)ncc2-c2nnc(C3CC3)o2)cc1,106
CCOC(=O)Cc1csc2nc(-c3cccs3)nc(NN3C(=O)C=C(C)C3=O)c12,673
COc1cc(O)c2c(c1)/C=C/CCCC(=O)C[C@H](Br)C[C@H](C)OC2=O,2500
COc1cc(O)c2c(c1)/C=C\CCCC(=O)/C=C/C[C@H](C)OC2=O,590
COc1cc2ncnc(N3CCN(/C(S)=N\Cc4ccc5c(c4)OCO5)CC3)c2cc1OC,14900
Nc1n[nH]c2cccc(-c3ccc(NC(=O)Nc4cccc(C(F)(F)F)c4)cc3)c12,10
Cc1cccc(NC(=O)Nc2ccc(-c3ccc(F)c4[nH]nc(N)c34)cc2)c1,14
CN1CCN(c2ccc(OC(F)(F)F)c(Nc3ncc4c(n3)-c3c(c(C(N)=O)nn3CCF)CC4)c2)CC1,216
Nc1ccc(-c2ccc3ncc4c(=O)[nH]c(=O)n(-c5cccc(C(F)(F)F)c5)c4c3n2)cn1,6247
CC1=CC(=O)N(Nc2nc(-c3cccs3)nc3sc(-c4ccc([N+](=O)[O-])cc4)c(C)c23)C1=O,505
CN[C@H]1CC2OC([C@H]1OC)n1c3ccccc3c3c4c(c5c6ccccc6n2c5c31)C(O)=NC4,0.32
CNC1CCN(CCCN(c2cc(OC)cc(OC)c2)c2ccc3ncc(-c4cnn(C)c4)nc3c2)C1.Cl,6456.54
COc1cc(OC)cc(N(CC#Cc2nccn2C)c2ccc3ncc(-c4cnn(C)c4)nc3c2)c1,8128.31
O=C1CCCN1CCOc1ccc2cc1COCC=CCOCc1cccc(c1)-c1ccnc(n1)N2,140
Cc1nc(Nc2cc(-c3ccc(CNC(=O)Nc4cc(C)on4)cc3)n[nH]2)cc(N2CCN(C)CC2)n1,21
CN1CCN(Cc2ccc(C(=O)Nc3cc(-c4ccc(CNC(=O)Nc5ccccc5)cc4)n[nH]3)cc2)CC1,22
Cc1cnc(NC(=O)Nc2ccc(-c3cc(NC(=O)c4ccc(N5CCN(C)CC5)cc4)[nH]n3)cc2)s1,50
CC(C)(C)c1cc(NC(=O)Nc2ccc(-c3cc(NC(=O)c4ccc(OCCN5CCOCC5)cc4)[nH]n3)cc2)no1,19
Cc1cc(NC(=O)Nc2ccc(-c3cc(NC(=O)c4ccc(N5CCN(C)CC5)cc4)[nH]n3)cc2Cl)no1,390
Cc1cc(NC(=O)Nc2ccc(-c3cc(NC(=O)c4ccc(N5CCN(C)CC5)cc4)[nH]n3)cc2C)no1,9
Cc1nc(Nc2ncc(-c3ccc(NC(=O)Nc4cccc(Cl)c4)cc3)s2)cc(N2CCNCC2)n1,20
COc1ccc(-c2ccc(NC(=O)Nc3cccc(Br)c3)cc2)c2c(N)noc12,16
Nc1noc2cccc(-c3ccc(NC(=O)Nc4cc(C(F)(F)F)ccc4F)cc3)c12,213
Cc1ccc(NC(=O)Nc2ccc(-c3cccc4onc(N)c34)cc2)cc1,4
Nc1noc2cccc(-c3ccc(NC(=O)Nc4cccc(Cl)c4)cc3)c12,6
Nc1noc2cccc(-c3ccc(NC(=O)/C=C/c4cccc(C(F)(F)F)c4)cc3)c12,1400
NC(=O)Nc1ccc(-c2cccc3onc(N)c23)cc1,619
CCN1CCN(c2cc(Nc3ncc(-c4ccc(NC(=O)c5ccccc5)cc4)s3)nc(C)n2)CC1,850
CCCCc1cc(NC(=O)Nc2ccc(-c3cnc(Nc4cc(N5CCN(C)CC5)nc(C)n4)s3)cc2)no1,22
CC1(C)CCCC(n2c3cnccc3c3cnc(Nc4ccc(N5CCNCC5)cn4)nc32)C1,3
C[C@H]1CC[C@H](n2c3cnccc3c3cnc(Nc4ccc5c(n4)CCN(C(=O)CO)C5)nc32)CC1,1
CNC(=O)c1cc(Oc2ccc(NC(=O)Nc3ccc(Cl)c(C(F)(F)F)c3)cc2)ccn1,4
COc1cc2c(N3CCN(C(=O)Nc4ccc(OC(C)C)cc4)CC3)ncnc2cc1OCCCN1CCCCC1,102
CC1(C)C(=O)N([C@H]2CCc3c(O)cccc32)c2nc(Nc3ccccc3)ncc21,8
O=C(Nc1ccc(Oc2ccnc3[nH]ccc23)c(F)c1)c1nnn(-c2ccc(F)cc2)c1C(F)(F)F,2.06
O=C(c1cc2cc(O)ccc2[nH]1)c1cc2cc(O)ccc2o1,270
Cc1ccn2ncc(/C=N/N(C)S(=O)(=O)c3cc([N+](=O)[O-])ccc3C)c2n1,0.762
Cc1ccc([N+](=O)[O-])cc1S(=O)(=O)N(C)/N=C/c1cnn2ccc(-c3cccnc3)nc12,7.48
C[C@]12O[C@H](C[C@]1(O)CO)n1c3ccccc3c3c4c(c5c6ccccc6n2c5c31)CNC4=O,2.5
Cc1ccc(C(=O)Nc2ccc(CN3CCN(C)CC3)c(C(F)(F)F)c2)cc1C#Cc1cnc2cccnn12,0.3
C[C@]12O[C@H](C[C@]1(O)CO)n1c3ccccc3c3c4c(c5c6ccccc6n2c5c31)CNC4=O,1.5
COc1cc2c(Oc3ccc(NC(=O)c4c(Cl)c5ccccc5n(-c5ccc(F)cc5)c4=O)cc3F)ccnc2cc1OCCCN1CCN(C)CC1,2.15
CN1C/C=C/COCc2ccc(o2)-c2ccnc(n2)Nc2cccc(c2)C1,770
CCc1c(-c2cnc3ccc(N(CCNC(C)C)c4cc(OC)cc(OC)c4)cc3n2)cnn1C.Cl,9549.93
COc1cc(OC)cc(N(CC#Cc2nccc(C)n2)c2ccc3ncc(-c4cnn(C)c4)nc3c2)c1,9549.93
CCc1ccnc(C#CCN(c2cc(OC)cc(OC)c2)c2ccc3ncc(-c4cnn(C)c4)nc3c2)n1,10000
CNc1cccnc1C#CCN(c1cc(OC)cc(OC)c1)c1ccc2ncc(-c3cnn(C)c3)nc2c1,9772.37
Nc1ccc2oc(C(=O)c3cc4cc(N)ccc4o3)cc2c1,600
Cc1cccc(NC(=O)Nc2ccc(Oc3ncnc4[nH]ncc34)cc2)c1C,37
CCN(C)Cc1cc(OC)cc(N(CC2CC2)c2ccc3ncc(-c4cnn(C)c4)nc3c2)c1,5495.41
CNC(=O)c1cc(OC)cc(N(CCCN2CCCC2)c2ccc3ncc(-c4cnn(C)c4)nc3c2)c1,8128.31
CNC(=O)c1cc(F)cc(N(CC2CC2)c2ccc3ncc(-c4cnn(C(C)C)c4)nc3c2)c1,7079.46
COc1cc(OC)cc(N(CCF)c2ccc3ncc(-c4cnn(C)c4)nc3c2)c1,1548.82
COc1cc(OC)cc(N(CCO)c2ccc3ncc(-c4cnn(C5CCN(C)CC5)c4)nc3c2)c1,3548.13
CC(C)(O)[C@H]1CC[C@H](Nc2ccn3ncc(-c4cccc(Cl)c4)c3n2)CC1,125
O=C(Nc1ccc(Br)cc1)Nc1ccc(Oc2ncnc3[nH]ncc23)cc1,83
CCN(CCO)Cc1cc(Nc2nc(C)cn3c(-c4cn[nH]c4)cnc23)sn1,5
Clc1cc(OCCN2CCOCC2)ccc1Nc1nc2c(-c3nnc[nH]3)cccc2c2cnccc12,17
CCNc1nc(C)c(-c2ccnc(Nc3ccc(N4CCNCC4)cc3)n2)s1,16
Nc1nc(Nc2ccc([C@H]3CC[C@H](N4CCOCC4)CC3)cc2)nn1-c1ccccn1,0.4
Oc1ccc(-c2cnn3cc(-c4ccc(OCCN5CCOCC5)cc4)cnc23)cc1O,1
Cc1[nH]c(/C=C2\C(=O)Nc3cc(NC(=O)Nc4ccccc4)ccc32)c(C)c1CC(=O)O,51.2
CN1C/C=C/CCOc2cccc(c2)-c2ccnc(n2)Nc2cc(N)cc(c2)C1,19
COc1cccc(C#CCN(c2cc(OC)cc(OC)c2)c2ccc3ncc(-c4cnn(C)c4)nc3c2)c1,8317.64
Cc1cc(/C=C2/C(=O)Nc3ccc(F)cc32)c2cccccc1-2,60
CCN(CC)CCCOc1ccccc2c(/C=C3/C(=O)Nc4ccc(F)cc43)cc(C)c1-2,30
Cc1cc(C=C2C(=O)Nc3ccc(F)cc32)c2ccccc(OCCN3CCC[C@H]3CO)c1-2,70
CCN1CCN(c2cc(Nc3ncc(-c4ccc(NC(=O)OCc5ccccc5)cc4)s3)nc(C)n2)CC1,83
CCc1cc(NC(=O)Nc2ccc(-c3cnc(Nc4cc(N5CCN(C)CC5)nc(C)n4)s3)cc2)no1,49
CN[C@@H]1C[C@H]2O[C@@](C)([C@@H]1OC)n1c3ccccc3c3c4c(c5c6ccccc6n2c5c31)C(=O)NC4,1.52
CN1CCN(Cc2ccc(NC(=O)c3n[nH]cc3Nc3ncnc4sccc34)cc2)CC1,7.35
CN[C@@H]1C[C@H]2O[C@@](C)([C@@H]1OC)n1c3ccccc3c3c4c(c5c6ccccc6n2c5c31)C(=O)NC4,0.83
C[C@H](N[C@H]1CC[C@@H](n2cc(-c3ccc(Oc4ccccc4)cc3)c3c(N)ncnc32)CC1)C(=O)O,20
Nc1ncnc2c1c(-c1ccc(Oc3ccccc3)cc1)cn2[C@H]1CC[C@H](NCCC(=O)O)CC1,33
Nc1ncnc2c1c(-c1ccc(Oc3ccccc3)cc1)cn2[C@H]1CC[C@H](N2CCC[C@@H]2C(=O)O)CC1,126
Nc1ncnc2c1c(-c1ccc(Oc3ccccc3)cc1)cn2[C@H]1CC[C@H](N[C@@H](Cc2ccccc2)C(=O)O)CC1,24
c1ccc(Cc2cnc(N3CCN(c4ncnc5ccccc45)CC3)nc2)cc1,6692
CC1=CC(=O)N(Nc2nc(-c3cccs3)nc3sc(C)c(C)c23)C1=O,13.68
C=CC(=O)Nc1ccccc1Oc1nc(Nc2cnn(CCOC)c2)ncc1Cl,0.54
COc1ccc2c(Oc3ccc(CC(=O)Nc4cc(C)cc(CN(C)C)c4)c(OC)c3)ccnc2c1,300
COCCOc1ccn2c(-c3ccc4cccc(OCC(C)(C)CN)c4n3)cnc2c1,47
COCCOc1ccn2c(-c3ccc4cccc(OC5CCNCC5)c4n3)cnc2c1,2
Oc1ccc(-c2nc(Nc3cccc(Cl)c3)nc3[nH]cnc23)cc1,7300
COc1ccc2[nH]c(C(=O)c3cc4ccc(Cl)cc4[nH]3)cc2c1,9400
CN(C)CCCNc1nc(/C=C/c2ccc(Cl)cc2)nc2cc3ccccc3cc12,1750
CCN(CC)CCNc1nc(/C=C/c2ccc(C(C)C)cc2)nc2ccc(F)cc12,240
CCN(CC)CCCNc1nc(/C=C/c2ccc(F)c(F)c2)nc2ccc(Br)cc12,3220
COc1cc2c(N3CCN(C(=O)Nc4ccc(OC(C)C)cc4)CC3)ncnc2cc1OCCCN1CCCCC1,220
C[C@]1(CO)C[C@H]2O[C@]1(C)n1c3ccccc3c3c4c(c5c6ccccc6n2c5c31)CNC4=O,2
CSc1ccc(/C=C/c2nc(NCCCN(C)C)c3ccccc3n2)cc1,3070
CN(C)CCNc1nc(/C=C/c2ccc(F)c(F)c2)nc2ccc(Cl)cc12,2060
CCN(CC)CCCNc1nc(/C=C/c2ccc(S(C)(=O)=O)cc2)nc2ccc(Cl)cc12,1020
COc1ccc(/C=C/c2nc(NCCCN(C)C)c3cc(Br)ccc3n2)cc1,1160
CCN(CC)CCCNc1nc(/C=C/c2ccc(OC)cc2)nc2cc3ccccc3cc12,9310
CCC(CC)CNc1ncc2c(-c3ccc(CN4CCN(C)CC4)cc3)cn([C@H]3CC[C@H](O)CC3)c2n1,202
CN(C)CCCc1ccc(C(F)(F)F)c(Nc2ncc3c(n2)-c2ccc(Cl)cc2NC(=S)C3)c1,5600
CN(C)CCCc1ccc(OC(F)(F)F)c(Nc2ncc3c(n2)-c2ccc(Cl)cc2NC(=S)C3)c1,1600
COc1ccc(CCCN(C)C)cc1Nc1ncc2c(n1)-c1ccc(Cl)cc1NC(=S)C2,590
CN(C)CCCc1cccc(Nc2ncc3c(n2)-c2ccc(Cl)cc2NC(=S)C3)c1,28
Cc1ccc(F)c(NC(=O)Nc2ccc(-c3cccc4[nH]nc(N)c34)cc2)c1,4
COc1cc2ncnc(Oc3ccc(CC(=O)Nc4cnn(C)c4)cc3)c2cc1OC,80
CN1C/C=C/COCc2cccc(c2)-c2ccnc(n2)Nc2cccc(c2)C1,210
CC(C)NCC(=O)N1C/C=C/CCOc2cccc(c2)-c2ccnc(n2)Nc2cccc(c2)C1,140
COc1ccc2cc1CN(C)C/C=C/CCOc1cccc(c1)-c1ccnc(n1)N2,66
CN1C/C=C/CCOc2cccc(c2)-c2ccnc(n2)Nc2ccc(OC(F)(F)F)c(c2)C1,160
CN1C/C=C/CCOc2cccc(c2)-c2ccnc(n2)Nc2ccc(OCCN3CCOCC3)c(c2)C1,40
Clc1ccc(-n2nncc2-c2ccncc2)cc1,1700
COc1ccc2[nH]c(C(=O)c3cc4ccccc4[nH]3)cc2c1,3200
Cc1sc2ncnc(N)c2c1-c1ccc(NC(=O)Nc2cc(C(F)(F)F)ccc2F)cc1,27
COc1cc(NC(=O)Nc2cccc(C)c2)ccc1-c1csc2ncnc(N)c12,140
COc1ccc2[nH]c(C(=O)c3cc4cc(F)ccc4[nH]3)cc2c1,880
OC1CCN(c2cc(-c3cnc4ccc(N5CCC[C@@H]5c5cccc(F)c5)nn34)ccn2)CC1,4300
COCCOc1cc2c(Oc3cnn(CC(=O)Nc4cccc(OC)c4)c3)ncnc2cc1OC,3
COc1cccc(NC(=O)Cn2cc(Oc3ncnc4cc(OC)c(OCCN5CCCCC5)cc34)cn2)c1,10
COc1cccc(NC(=O)Cn2cc(Oc3ncnc4cc(OCCN5CCCC5)c(OC)cc34)cn2)c1,5
Oc1ccc(-c2ccc3c(-c4ccc(N5CCNCC5)cc4)c[nH]c3n2)cc1,111
COc1cc2ncnc(Oc3cnn(CC(=O)Nc4ccc(N(C)C)cn4)c3)c2cc1OC,3
C[C@H](Nc1nc(Nc2cn(C)cn2)c2cc[nH]c2n1)c1ncc(F)cn1,45
c1ccc(CNc2nc(Nc3ccc(CN4CCOCC4)cc3)c3ncn(C4CCCC4)c3n2)cc1,26
COc1ccc(CNc2nc(Nc3ccc(CN4CCOCC4)cc3)c3ncn(C4CCCC4)c3n2)cc1,209
CCN1CCN(c2ccc(Nc3nc(N[C@H]4CC[C@H](N)CC4)nc4c3ncn4C3CCCC3)cc2)CC1,10
N[C@H]1CC[C@H](Nc2nc(Nc3ccc(N4CCOCC4)cc3)c3ncn(C4CCCC4)c3n2)CC1,7
CC1=CC(=O)N(Nc2nc(-c3cccs3)nc3scc(-c4ccccc4)c23)C1=O,208
CC1=CC(=O)N(Nc2nc(-c3cccs3)nc3scc(-c4ccc(O)cc4)c23)C1=O,750
CC1=CC(=O)N(Nc2nc(-c3cccs3)nc3scc(-c4ccc(OCCN5CCCCC5)cc4)c23)C1=O.Cl,85
CC(C)(C)c1cc(NC(=O)Nc2ccc(-c3cn4c(n3)sc3cc(OCCN5CCOCC5)ccc34)cc2)no1,120
O=C(Nc1ccc(-c2ccnc(Nc3ccc(N4CCOCC4)cc3)n2)cc1)[C@H]1CCCN1,139.7
CC(C)(C)c1cc(NC(=O)NCc2ccc(-c3cc(NC(=O)c4ccc(OCCN5CCOCC5)cc4)[nH]n3)cc2)no1,1
Cc1nc(NCCN(C)C)cc(Nc2cc(-c3cccc(NS(=O)(=O)c4ccccc4)c3)n[nH]2)n1,71
CC1=CC(=O)N(Nc2nc(-c3ccccc3)nc3scc(-c4cccs4)c23)C1=O,1603
C=CS(=O)(=O)NCCCc1cc(OCCN2CCOCC2)cc(O)c1C(=O)OC(C)C,4230
O=C(c1ccc(/C=C/c2n[nH]c3ccccc23)cc1)N1CCNCC1,14.8
Cc1nc(Nc2cc(-c3ccc(CNC(=O)Nc4cc(C(C)(C)C)on4)cc3)n[nH]2)cc(N2CCN(C)CC2)n1,35
COc1cc(C2=C(c3c[nH]c4ccccc34)C(=O)NC2=O)cc(OC)c1OC,18
C1=CCOCc2cccc(c2)-c2ccnc(n2)Nc2cc(cc(OCCN3CCCC3)c2)COC1,22
C1=N/C2=N/c3ccc(OCCN4CCCC4)c(c3)COC/C=C/COCc3cccc(c3)C(=C1)N2,22
CN(C)CCN(C)c1ccc2cc1COCC=CCOCc1cccc(c1)-c1ccnc(n1)N2,31
CCN(CC)CCOc1ccc(/C=C2\C(=O)Nc3ccc(Cl)cc32)cc1,4.1
COc1cc2ncccc2cc1NC(=O)c1csc2cncnc12,56
CC1=CC(=O)N(Nc2nc(-c3nccs3)nc3sc(C)cc23)C1=O,33.92
O=C(CCCCCCN1C/C=C/COCc2cccc(c2)-c2ccnc(n2)Nc2cccc(c2)C1)NO,217
O=C(CCCCCN1C/C=C/CCOc2cccc(c2)-c2ccnc(n2)Nc2cccc(c2)C1)NO,108
c1cnc2cc(-c3cn(C4C5CC6CC(C5)CC4C6)nn3)ccc2n1,9700
COc1cc2c(Oc3ccc(CC(=O)N/N=C/c4ccc(C(F)(F)F)cc4)cc3F)ccnc2cc1OCCCN1CCCC1,390
C[C@H]1CN(c2cccc3nc(-c4nc(-c5cc(C(=O)N(C)C)ccn5)cnc4N)n(C)c23)CCN1,280
CNC(=O)c1cccc2c1nc(Nc1ccccc1Cl)c1ccncc12,23
CC(C)Nc1nccc(-c2cnc3c(NCCO)nccn23)n1,166
CN1CCN(c2nccn3c(-c4ccnc(NCc5ccccc5Cl)n4)cnc23)CC1,1355
COc1cc2c(Oc3ccc(NC(=O)C4(C(=O)Nc5ccc(F)cc5)CC4)cc3F)ccnc2cc1OCCCN1CCOCC1,5.58
COc1cc(N2CCC(N3CCN(C)CC3)CC2)ccc1Nc1ncc(Cl)c(Nc2ccccc2S(=O)(=O)C(C)C)n1,3
Nc1noc2cccc(-c3ccc(NC(=O)Nc4ccc(F)c(Cl)c4)cc3)c12,22
COc1cc2ncnc(N3CCN(C(=O)Nc4ccc(C#N)cc4)CC3)c2cc1OC,19700
CC(C)c1nc(C(N)=O)c(Nc2ccc(N3CCN(C)CC3)cc2)nc1N[C@H]1CC[C@H](O)CC1,0.46
CCc1nc(C(N)=O)c(Nc2ccc(N3CCC(N4CCN(C)CC4)CC3)c(C)c2)nc1N[C@H]1CC[C@](C)(O)CC1,0.37
CCc1nc(C(N)=O)c(Nc2ccc(N3CCC(N4CCN(C)CC4)CC3)c(OC)c2)nc1NC1CCOCC1,0.41
CCc1nc(C(N)=O)c(Nc2ccc(N3CCN(C4CCN(C)CC4)CC3)c(C)c2)nc1NC1CCOCC1,0.37
Nc1nc(N)c2c(n1)[nH]c1cccc(Sc3ccccc3)c12,41200
CC1=CC(=O)N(Nc2nc(-c3cccs3)nc3sc(CO)c(C)c23)C1=O,175
CC(C)(C)c1cc(NC(=O)Nc2ccc(-c3cn4c(n3)sc3cc(OCCN5CCOCC5)ccc34)cc2)no1,120
CC(C)(C)c1cc(NC(=O)Nc2ccc(-c3cn4c(n3)sc3cc(OCCN5CCOCC5)ccc34)cc2)no1,0.8
Cc1nc(Nc2ncc(-c3ccc(NC(=O)Nc4ccccc4)cc3)s2)cc(N2CCC(N)CC2)n1,73
COc1cc(Nc2nc(NC3CCOCC3)c(C(C)C)nc2C(N)=O)ccc1N1CCN(C)CC1,0.49
O=C1Nc2ccccc2[C@]12C[C@H]2c1ccc2c(/C=C/c3ccncc3)n[nH]c2c1,33
O=C1Nc2ccccc2[C@]12C[C@H]2c1ccc2cn[nH]c2c1,3200
CCN(CC)CCNC(=O)c1c(C)[nH]c(/C=C2\C(=O)Nc3ccc(F)cc32)c1C,21
O=Nc1c(-c2c(O)[nH]c3ccc([N+](=O)[O-])cc23)[nH]c2ccccc12,62
COc1cc2ncnc(Nc3cnn(CC(=O)Nc4cccc(F)c4)c3)c2cc1OC,4
CN1C/C=C/COCc2cccc(c2)Nc2nccc(n2)-c2cccc(c2)C1,310
C1=C/CN(CC2CC2)Cc2cccc(c2)Nc2nccc(n2)-c2cccc(c2)OCC/1,270
COCCOc1ccc2cc1CN(C)C/C=C/CCOc1cccc(c1)-c1ccnc(n1)N2,25
CCS(=O)(=O)c1ccc2cc1CN(C)C/C=C/CCOc1cccc(c1)-c1ccnc(n1)N2,440
Nc1nc(Nc2ccc(C(=O)NCCN3CCOCC3)cc2)nn1-c1ccccn1,19
Nc1ccc2c(c1)/C(=C/c1ccc[nH]1)C(=O)N2,2600
CCN(CC)CCNC(=O)c1c(C)[nH]c(/C=C2\C(=O)Nc3ccc(F)cc32)c1C,8
CCCn1cc(-c2ccc(NC(=O)Nc3cc(C(C)(C)C)on3)cc2)c2c(N)ncnc21,15
CC#CCn1cc(-c2ccc(NC(=O)Nc3cc(C(C)(C)C)on3)cc2)c2c(N)ncnc21,26
O=C(Nc1ccc(CN2CCOCC2)cc1)c1n[nH]cc1Nc1nc(Cl)nc2ccccc12,0.958
O=C(Nc1ccc2c(c1)CNc1c(Cl)ncnc1O2)Nc1ccc(Cl)c(C(F)(F)F)c1,13700
COc1cccc(C(=O)Nc2sc3c(c2C(N)=O)CCCC3)c1,110
Cc1cccc(C(=O)Nc2sc3c(c2C(N)=O)CCCC3)c1,140
CCN(CC)CCNC(=O)c1c(C)[nH]c(/C=C2\C(=O)Nc3ccc(F)cc32)c1C,12
CN1CCC(c2ccc(Nc3nc(N)n(-c4ccccn4)n3)cc2)CC1,3
CC(O)CNc1nc(Nc2ccc(Br)cc2)c2ncn(C3CCCCO3)c2n1,1141
CN1CCN(c2nc(Nc3ccc(Br)cc3)c3ncn(C4CCCCO4)c3n2)CC1,4207
N[C@H]1CC[C@H](Nc2nc(Nc3ccc(N4CCCC4)cc3)c3ncn(C4CCCC4)c3n2)CC1,3
NCCCCCCNc1nc(Nc2ccc(CN3CCOCC3)cc2)c2ncn(C3CCCC3)c2n1,10
OCCCNc1nc(Nc2ccc(CN3CCOCC3)cc2)c2ncn(C3CCCC3)c2n1,47
N[C@H]1CC[C@H](Nc2nc(Nc3ccc(Br)cc3)c3ncn(C4CCCC4)c3n2)CC1,16
N[C@H]1CC[C@H](Nc2nc(Nc3ccc(Br)cc3)c3ncn(C4CCCC4)c3n2)CC1,4
C[C@@H](CO)CNc1nc(Nc2ccc(Br)cc2)c2ncn(C3CCCC3)c2n1,281
Cc1ccc([N+](=O)[O-])cc1S(=O)(=O)N(C)/N=C/c1cnc2ccc(Br)cn12,5.15
CN(/N=C/c1cnn2ccc(Cl)nc12)S(=O)(=O)c1ccc(F)cc1,3301
Cc1ccc(F)c(NC(=O)Nc2ccc(-c3ccc(OCCN4CCOCC4)c4onc(N)c34)cc2)c1,34
COc1ccc(-c2ccc(NC(=O)Nc3cccc(Cl)c3)cc2)c2c(N)noc12,30
Nc1noc2cccc(-c3ccc(NC(=O)Nc4ccc(F)c(C(F)(F)F)c4)cc3)c12,28
Cc1cc(C)cc(NC(=O)Nc2ccc(-c3cccc4onc(N)c34)cc2)c1,17
Cc1ccc(F)c(NC(=O)Nc2ccc(-c3cccc4onc(N)c34)cc2)c1,22
COc1cc(C)cc(-c2c(-c3ccnc(-c4ccc(N(C)C)cc4)c3)cnn2CC#N)c1,1740
CC(C)OCc1ccc2c(c1)c1c3c(c4c(c1n2CCCO)Cc1ccccc1-4)C(=O)NC3,1.6
CC(C)OC(=O)c1c(O)cc(OCCCN2CCOCC2)cc1/C=C/CN1C(=O)C=CC1=O,940
CC1=CC(=O)N(Nc2nc(-c3ccc(N)cc3)nc3scc(-c4ccccc4)c23)C1=O,546
Cc1cc(Nc2ncc(Cl)c(Nc3ccccc3S(=O)(=O)C(C)C)n2)c(OC(C)C)cc1C1CCNCC1,60
N=C(NO)c1cccc(C#Cc2c(N)ncc3ccc(Cl)cc23)c1,217
CC(C)(C)c1cc(NC(=O)Nc2ccc(-c3cn4c(n3)sc3cc(OCCN5CCOCC5)ccc34)cc2)no1.Cl.Cl,69
CN1CCN(Cc2ccc(C(=O)Nc3cc(-c4ccc(CNC(=O)Nc5cc(C(C)(C)C)on5)cc4)n[nH]3)cc2)CC1,4
CC(C)(C)c1cc(NC(=O)NCc2ccc(-c3cc(NC(=O)c4ccc(OCCN5CCOCC5)cc4)[nH]n3)cc2)no1,18
Cc1cc(-c2cc(NC(=O)c3ccc(CN4CCN(C)CC4)cc3)[nH]n2)ccc1NC(=O)Nc1cc(C(C)(C)C)on1,2
Cc1cc(-c2cc(NC(=O)c3ccc(OCCN4CCOCC4)cc3)[nH]n2)ccc1NC(=O)Nc1cc(C(C)(C)C)on1,20
CN(C)CCCn1cc(-c2ccc3c(c2)C(=O)c2c-3[nH]c3cc(-c4cn[nH]c4)ccc23)cn1,6
COc1cc2c(Oc3ccc(NC(=O)c4nn(-c5ccccc5C(F)(F)F)c5ccccc5c4=O)cc3F)ccnc2cc1OCCCN1CCCC1,8.5
COc1cccc2cc(C(=O)c3cc4cc(O)ccc4[nH]3)[nH]c12,6600
Nc1ncnc2c1N=C(c1ccc(NC(=O)Nc3ccc(C(F)(F)F)cc3)cc1)CCN2,9
CCCNC(=O)c1cc(Oc2ccc(NC(=O)c3cc4cccnc4n(-c4ccc(F)cc4)c3=O)cc2)ccn1,2.18
NCCCCCNc1nc(Nc2ccc(CN3CCOCC3)cc2)c2ncn(C3CCCC3)c2n1,25
CN1CCN(Cc2ccc(NC(=O)c3n[nH]cc3Nc3nc(C4CC4)nc4sccc34)cc2)CC1,15.7
CS(=O)(=O)CCN1CCC(c2ccc(NC(=O)c3nc(C#N)c[nH]3)c(C3=CCCCC3)c2)CC1,98
N[C@H]1CC[C@H](Nc2nc(Nc3ccc(N4CCOCC4)nc3)c3ncn(C4CCCC4)c3n2)CC1,4
CCN1CCN(c2ccc(Nc3nc(NCCCCN)nc4c3ncn4C3CCCC3)cc2)CC1,1
N[C@H]1CC[C@H](Nc2nc(Nc3ccc(CN4CCOCC4)cc3)c3ncn(C4CCCC4)c3n2)CC1,8
CC1=CC(=O)N(Nc2nc(-c3cccs3)nc3sc(C#N)c(C)c23)C1=O,118.2
COc1ccc(-c2cc3c(NN4C(=O)C=C(C)C4=O)nc(-c4cccs4)nc3s2)cc1,68.64
CC1=CC(=O)N(Nc2nc(-c3cccs3)nc3sc(C)cc23)C1=O,16.78
CC1=CC(=O)N(Nc2nc(-c3cccs3)nc3sc(-c4ccc(OC5CCNC5)cc4)c(C)c23)C1=O.Cl,3.769
CC1=CC(=O)N(Nc2nc(-c3cccs3)nc3sc(-c4ccc(OCCNCC(C)C)cc4)c(C)c23)C1=O.Cl,2.495
Cn1cc(Nc2ncc(Cl)c(NC3COC4C(NS(C)(=O)=O)COC34)n2)cn1,11
Nc1ncnc2c1N=C(c1ccc(NC(=O)Nc3ccc(F)c(C(F)(F)F)c3)cc1)CCN2,7
CN1CCN(c2ccc(C(=O)Nc3cc(-c4ccc(NC(=O)Nc5cc(C(C)(C)C)on5)cc4)n[nH]3)cc2)CC1,30
CN1CCN(c2ccc(C(=O)Nc3cc(-c4ccc(NC(=O)Nc5cccnc5)cc4)n[nH]3)cc2)CC1,74
CN1CCN(c2ccc(C(=O)Nc3cc(-c4ccc(NC(=O)Nc5ccccn5)cc4)n[nH]3)cc2)CC1,40
CN1CCN(c2ccc(C(=O)Nc3cc(-c4ccc(NC(=O)NC5CC5)cc4)n[nH]3)cc2)CC1,52
COc1cc(OC)cc(N(CCO)c2ccc3ncc(-c4cnn(C)c4CCCO)nc3c2)c1,2238.72
COc1cc(OC)cc(N(CC#Cc2cccc(CO)n2)c2ccc3ncc(-c4cnn(C)c4)nc3c2)c1,8709.64
COc1cc(OC)cc(N(CC#Cc2cc(CO)ccn2)c2ccc3ncc(-c4cnn(C)c4)nc3c2)c1,7413.1
C#CCN(c1cc(OC)cc(OC)c1)c1ccc2ncc(-c3cnn(CC4CCOCC4)c3)nc2c1,9772.37
CNc1cccnc1C#CCN(c1cc(OC)cc(OC)c1)c1ccc2ncc(-c3cnn(C)c3)nc2c1,7413.1
COc1cc(OC)cc(N(CCNC(C)C)c2ccc3ncc(-c4cnn(C(C)C)c4)nc3c2)c1.Cl,9772.37
[2H]C([2H])([2H])n1cc(-c2ccc3ncc(N(CCO)c4cc(OC)cc(OC)c4)nc3c2)cn1,7943.28
C=Cn1nc(C(N)=O)c2c1-c1nc(Nc3cc(N4CCN(C)CC4)ccc3OC(F)(F)F)ncc1CC2,226
CSc1nc(N2CCCCC2)c2ccn(Cc3ccc(F)cc3)c2n1,61000
CCOC(=O)NCc1ccc(-c2cc(NC(=O)c3ccc(N4CCN(C)CC4)cc3)[nH]n2)cc1,17
COc1ccc(C(=O)NC(=O)Nc2ccc3c(c2)NC(=O)/C3=C\c2[nH]c(C)c(C(=O)O)c2C)c(F)c1,111.1
CNc1ncc2c(-c3ccc(N4CCN(C)CC4)nc3)nn(Cc3cn(Cc4ccccc4)nn3)c2n1,700
CC1=CC(=O)N(Nc2nc(-c3cccs3)nc3sc(Cc4ccc(O)cc4)c(C)c23)C1=O,3286
COc1ccc(C(=O)NC(=O)Nc2cccc3c2/C(=C/c2ccc[nH]2)C(=O)N3)cc1,58.2
COc1ccc(C(=O)NC(=O)Nc2cc3c(cc2F)/C(=C/c2[nH]c(C)c(CCC(=O)O)c2C)C(=O)N3)c(F)c1,16.3
O=C(NCC1CCCCC1)Nc1ccc(Oc2ncnc3[nH]ncc23)cc1,363
O=C(Nc1ccc(Oc2ncnc3[nH]ncc23)cc1)Nc1cccnc1,449
COc1cc(OC)cc(N(CC2CC2)c2ccc3ncc(-c4cnn(CC5CCN(C)CC5)c4)nc3c2)c1,5370.32
CNc1cc(O)c2c(c1)/C=C/C[C@H](O)[C@H](O)C(=O)/C=C\[C@@H](C)[C@H](C)OC2=O,91
COc1cc(OC)cc(N(CCCN2CCC[C@H]2C)c2ccc3ncc(-c4cnn(C)c4)nc3c2)c1.Cl,7585.78
COc1cc(OC)c(Cl)c(N(CCO)c2ccc3ncc(-c4cnn(C)c4)nc3c2)c1,8511.38
Cn1cc(-c2ccc3ncc(N(CCN)c4cc(F)cc(OCCO)c4)nc3c2)cn1,7943.28
COc1cc(OC)c(C)c(N(CCNC(C)C)c2ccc3ncc(-c4cnn(C)c4)nc3c2)c1.Cl,8709.64
COc1cc(F)cc(N(CCNC(C)C)c2ccc3ncc(-c4cnn(C)c4)nc3c2)c1,5623.41
COc1cc(OC)cc(N(CCNCC2CC2)c2ccc3ncc(-c4cnn(C)c4)nc3c2)c1,7585.78
COc1cc(O)cc(N(CCCO)c2ccc3ncc(-c4cn[nH]c4)nc3c2)c1,10232.93
CNC(=O)c1ccc(Sc2ccc(NC(=O)Nc3ccc(Cl)c(C(F)(F)F)c3)cc2)nc1,67
CNC(=O)c1ccc(Sc2ccc(NC(=S)Nc3ccc(Cl)c(C(F)(F)F)c3)cc2)nc1,949
Nc1onc2nc(-c3ccccc3)cc(-c3ccc(NC(=O)Nc4ccccc4)cc3)c12,1010
CN1CCN(Cc2ccc(-c3cnc4[nH]cc(-c5ccc6[nH]ccc6c5)c4c3)cc2)CC1,560
COc1ccc(-c2ccn3c(-c4ccc(CC#N)cc4)cnc3c2)cc1,430
COc1ccc(-c2ccn3c(-c4ccc(F)cc4)cnc3c2)cc1,78
C[C@H]1CC[C@H](n2c3cnccc3c3cnc(Nc4ccc(N5CCC6(CC5)CCS(=O)(=O)C6)nn4)nc32)CC1,5
C[C@H]1CC[C@H](n2c3cnccc3c3cnc(Nc4ccc(N5CCNCC5)cn4)nc32)CC1,2
COc1cc(OC)cc(N(CC2CC2)c2ccc3ncc(-c4cnn(CCN)c4)nc3c2)c1,6606.93
Cc1cc(/C=C2\C(=O)Nc3ccc(F)cc32)c2ccccc(OCCN3CCC(N(C)C)CC3)c1-2,18
C#CCn1cc(-c2ccc(NC(=O)Nc3cc(C(C)(C)C)on3)cc2)c2c(N)ncnc21,13
CC1(C)CN(c2ccc(-c3oc(-c4ccc(C(F)(F)F)c5[nH]ccc45)nc3C(N)=O)cc2)CCN1,2.8
COc1cc2c(Oc3ccc(NC(=O)C4(C(=O)Nc5ccc(F)cc5)CC4)cc3F)ccnc2cc1OCCCC(=O)NO,31
C[C@H](c1ccnc(Nc2nc3ccc(-c4cnn(CC5CC5)c4)cc3[nH]2)c1)N1CCN(C(=O)CC(F)(F)F)CC1,18
O=C(CCCCCN1C/C=C/COCc2cccc(c2)-c2ccnc(n2)Nc2cccc(c2)C1)NO,288
COc1c(Nc2ncc(Cl)c(N[C@H]3[C@@H](C(N)=O)[C@@H]4C=C[C@H]3C4)n2)ccc2c1CC[C@@H](N1CCOCC1)CC2,88
CN1C[C@@H]2C[C@H]1CN2CCOc1ccc2c(n1)sc1nc(-c3ccc(NC(=O)Nc4cc(C(C)(C)C)on4)cc3)cn12,10.9
C1=CCOCc2cccc(c2)-c2ccnc(n2)Nc2cc(cc(OCCN3CCOCC3)c2)COC1,19
Cc1ccc(C#N)cc1S(=O)(=O)N(C)CCc1cnn2ccc(Cl)nc12,0.177
Cc1ccc([N+](=O)[O-])cc1S(=O)(=O)n1cc(-c2cnn3ccc(Cl)nc23)cn1,1.9
COc1cc(OC)cc(N(CCCNC(C)C)c2ccc3ncc(-c4cnn(C)c4)nc3c2)c1.Cl,6606.93
COc1cc(OC)cc(N(C[C@H](C)N)c2ccc3ncc(-c4cnn(C)c4)nc3c2)c1,8709.64
COc1cc(O)cc(N(CCO)c2ccc3ncc(-c4cnn(C)c4)nc3c2)c1,7762.47
COc1cc(OC)cc(N(CCNC(C)C)c2ccc3ncc(-c4cnn(C5CCN(C(=O)OC(C)(C)C)CC5)c4)nc3c2)c1,4265.8
Cc1cnc2nc1-c1cccc(c1)COCC=CCOCc1cc(ccc1OCCN1CCCC1)N2,19
Oc1ccc2cc1COCC=CCOCc1cccc(c1)-c1ccnc(n1)N2,170
COc1ccc2cc1COCC=CCOCc1cccc(c1)-c1ccnc(n1)N2,190
Nc1ncc(-c2cnn(C3CCNCC3)c2)cc1-c1nc2ccc(O)c(-c3cnccn3)c2o1.O=C(O)C(F)(F)F,35
Fc1ccc(-c2cnc3cc(-c4cccs4)ccn23)cc1,15
Cn1cc(-c2ccc3c(c2)-c2[nH]c4cc(-c5cn[nH]c5)ccc4c2C3=O)cn1,3166
CC1(COc2ccc3c(c2)ncn3-c2ccc3cccc(N4CCC(N)CC4)c3n2)COC1,4
Cc1nc(Nc2cc(-c3ccc(CNC(=O)Nc4cc(C(C)(C)C)on4)cc3)n[nH]2)cc(N2CCN(CCO)CC2)n1,95
Cc1nc(Nc2ncc(-c3ccc(NC(=O)Nc4ccccc4)cc3)s2)cc(N2CCN(C)CC2)n1,79
COc1cc(OC)cc(N(CC#Cc2ccnc(N)n2)c2ccc3ncc(-c4cnn(C)c4)nc3c2)c1,2187.76
[2H]C([2H])([2H])Oc1cc(OC([2H])([2H])[2H])cc(N(c2ccc3ncc(-c4cnn(C)c4)nc3c2)C([2H])([2H])C([2H])([2H])C([2H])([2H])O)c1,6918.31
COc1cc(OC)cc(N(CCCN2CCC(S(C)(=O)=O)C2)c2ccc3ncc(-c4cnn(C)c4)nc3c2)c1,7943.28
COc1cc(OC)cc(N(CC2CC2)c2ccc3ncc(-c4cnn(CCCN5CCN(CCCO)CC5)c4)nc3c2)c1.Cl,5248.07
COc1cc(OC)cc(N(CC2CC2)c2ccc3ncc(-c4cnn(CC5(OC)CCNCC5)c4)nc3c2)c1,5495.41
CCN1CCN(Cc2ccc(NC(=O)Nc3ccc(C4=Nc5cscc5NC(=O)C4)cc3)cc2C(F)(F)F)CC1,27.9
COc1cc(OC)cc(N(CC2CO2)c2ccc3ncc(-c4cnn(C)c4)nc3c2)c1,8128.31
O=C(c1ccc(/C=C/c2n[nH]c3ccccc23)cc1)N1CCNCC1,13.1
CNC(=O)c1cc(Oc2ccc(NC(=O)Nc3ccc(Cl)c(C(F)(F)F)c3)cc2)ccn1,54
COc1ccc(/C=C/c2nc(NCCCN3CCOCC3)c3cc(Cl)ccc3n2)cc1,8660
CC(C)c1ccc(/C=C/c2nc(NCCCN(C)C)c3cc(Cl)ccc3n2)cc1,410
CCN(CC)CCCNc1nc(/C=C/c2ccc(C(C)C)cc2)nc2ccc(Cl)cc12,810
CCOc1cc2nccc(Oc3cnc(CC(=O)Nc4n[nH]c(CC)c4C)c(OC)c3)c2cc1OC,3000
CCC[C@H](C)Nc1ncc2c(-c3ccc(CN4CCCN(C)CC4)cc3)cn([C@H]3CC[C@H](O)CC3)c2n1,2.5
CCCCNc1ncc2c(-c3ccc(N4CCN(C)CC4)cc3)cn([C@H]3CC[C@H](O)CC3)c2n1,1.5
CCC(C)CNc1ncc2c(-c3ccc(CN4CCN(C)CC4)cc3)cn([C@H]3CC[C@H](O)CC3)c2n1,37
CCC[C@H](C)Nc1ncc2c(-c3cnc(C4CC4)nc3)cn([C@H]3CC[C@H](O)CC3)c2n1,13790
CC(C)Cn1c2ccc(Nc3ncccn3)cc2c2c3c(c4c(c21)CCc1nn(C)cc1-4)C(=O)NC3,71
COc1cc2c(Oc3ccc(C4SCC(=O)N4NC(=O)Nc4ccc(F)cc4F)cc3F)ccnc2cc1OCCCN1CCN(C)CC1,8.6
FC(F)(F)c1cccc(-n2nnc3ccc(NCC4CC5(CCNCC5)C4)nc32)c1,28
Nc1nc(Nc2ccc([C@H]3CC[C@H](N4CCOCC4)CC3)cc2)nn1-c1ccccn1,1.3
CONC(=O)c1cn(-c2ccc3c(c2)CCC3)c2nc(Nc3ccc(C4CCN(CC(=O)O)CC4)cc3)ncc2c1=O,41
CC(C)C[C@H](N[C@H]1CC[C@H](n2cc(-c3ccc(Oc4ccccc4)cc3)c3c(N)ncnc32)CC1)C(=O)O,14
O=C(Nc1ccc(Oc2ncnc3[nH]ncc23)cc1)Nc1ccc(Cl)c(C(F)(F)F)c1,3
CCN(CC)CCNC(=O)c1c(C)[nH]c(/C=C2\C(=O)Nc3ccc(F)cc32)c1C,6.5
Nc1ncnc2c1c(-c1cccc(O)c1)cn2C1CCCC1,970
COc1cccc(NC(=O)Nc2ccc(Oc3ncnc4[nH]ncc34)cc2)c1,20
c1ccc(COc2cccc(-c3nc4sccn4c3-c3ccncn3)c2)cc1,1362
COc1cc2c(N3CCN(C(=O)Nc4ccc(OC(C)C)cc4)CC3)ncnc2cc1OCCCN1CCCCC1,200
CCC[C@H](C)Nc1ncc2c(C3CCN(C(=O)[C@H]4CCCN(C)C4)CC3)cn([C@H]3CC[C@H](O)CC3)c2n1,220
CCC[C@H](C)Nc1ncc2c(C3CCN(C(=O)c4cc(C)cc(C)c4)CC3)cn([C@H]3CC[C@H](O)CC3)c2n1,1680
CC(C)(C)c1cc(NC(=O)Nc2ccc(-c3cn4c(n3)sc3nc(OCC5CCNCC5)ccc34)cc2)no1,11
CCN(CC)CCNc1ccc2c(n1)sc1nc(-c3ccc(NC(=O)Nc4cc(C(C)(C)C)on4)cc3)cn12,19
O=C(c1cc2cc(F)ccc2[nH]1)c1cc2cc(OCCN3CCCCC3)ccc2[nH]1,1500
O=C(c1cc2ccc(O)cc2o1)c1cc2ccc(O)cc2o1,1800
CN1CCN(C(=O)c2ccc(NC(=O)c3n[nH]c4ccccc34)cc2)CC1,90
CCN(CC)C(=O)c1ccc(NC(=O)c2n[nH]c3ccccc23)cc1,107
COC(=O)c1ccc(NC(=O)c2n[nH]c3ccccc23)cc1,552
Fc1n[nH]c2ccc3nc(-c4c[nH]nc4C(F)(F)F)c4c(c3c12)CCCC4,31
N#Cc1ccc2c3c([nH]c2c1)-c1ccc(-c2cccnc2)cc1C3=O,2244
CN(C)CCCn1cc(-c2ccc3c(c2)-c2[nH]c4cc(-c5cn[nH]c5)ccc4c2C3=O)cn1,11
FC(F)(F)c1ccc(CNc2ccc(Cc3c[nH]c4ncc(Cl)cc34)cn2)cn1,130
N#Cc1ccc2c3c([nH]c2c1)-c1cc(-c2cn[nH]c2)ccc1C3=O,128
O=C(Nc1ccc(Oc2ncnc3[nH]ncc23)cc1)Nc1ccc(Cl)c(C(F)(F)F)c1,4
O=C(Nc1ccc(C(=O)N2CCNCC2)cc1)c1n[nH]c2ccccc12,61
CCN(CC)CCNc1nc(/C=C/c2ccc(F)c(F)c2)nc2ccccc12,3550
COc1cc(/C=C/c2nc(NCCCN(C)C)c3ccccc3n2)cc(OC)c1OC,12500
CN(C)CCCNc1nc(/C=C/c2ccc(F)c(F)c2)nc2ccc(Cl)cc12,6860
CCN(CC)CCCNc1nc(/C=C/c2ccc(SC)cc2)nc2ccc(Cl)cc12,5010
COCCOc1ccn2c(-c3ccc4cccc(O[C@@H]5CCNC[C@H]5F)c4n3)cnc2c1,3
COCCOc1ccn2c(-c3ccc4cccc(O[C@@H]5CCNC[C@H]5F)c4n3)cnc2c1,10
CC(C)(C)c1cc(NC(=O)Nc2ccc(Oc3ncnc4[nH]ncc34)c(F)c2)n(C2CCCC2)n1,53
CCN(CC)CCNC(=O)c1c(C)[nH]c(/C=C2\C(=O)Nc3ccc(F)cc32)c1C,550
CN(C)S(=O)(=O)c1ccc2c(c1)/C(=C/c1cc3c([nH]1)CCCC3)C(=O)N2,8700
CC(C)(C)c1cc(NC(=O)Nc2ccc(Oc3ncnc4[nH]ncc34)c(F)c2)no1,1.3
CC(C)(C)c1cc(NC(=O)Nc2ccc(-c3cn4c(n3)sc3cc(OCCN5CCOCC5)ccc34)cc2)no1,3.01
COc1cc2c(Oc3ccc(NC(=O)Nc4cc(C(C)(C)C)on4)cc3F)ccnc2cc1OCCCN1CCOCC1,3.22
CO/N=C/c1c(N)ncnc1N1CCN(C(=O)Nc2ccc(N3CCCCC3)cc2)CC1,50
CC(C)Oc1ccc(NC(=O)N2CCN(c3ncnc(N)c3/C=N/OCC(=O)N3CCOCC3)CC2)cc1,62
COCCOc1cc2nccc(Oc3ccc(NC(=O)Nc4cc(C(C)(C)C)on4)cc3F)c2cc1OCCOC,5.17
CCOc1cc2nccc(Oc3ccc(NC(=O)Nc4cc(C(C)(C)C)on4)cc3F)c2cc1OCC,15.5
COCCOc1cc2nccc(Oc3ccc(NC(=O)Nc4cc(C(C)(C)C)on4)cc3F)c2cc1OCCOC,11
COc1cc2ncnc(Oc3ccc(NC(=O)Nc4cc(C(C)(C)C)on4)cc3F)c2cc1OC,13.8
COc1cc2nccc(Oc3ccc(NC(=O)Nc4cc(C(C)(C)C)on4)cc3F)c2cc1OCCCN1CCOCC1,16.8
COCCOc1cc2nccc(Oc3ccc(NC(=O)Nc4cc(C(C)(C)C)on4)cc3F)c2cc1OCCOC,16
COc1cc2c(Oc3ccc(NC(=O)c4cc5cccnc5n(-c5ccc(F)cc5)c4=O)cc3F)ccnc2cc1OCCCN1CCN(C)CC1,5.31
Cc1cnc(Nc2ccc3c(c2)CCN(CCC#N)C3)nc1-c1cnn(C(C)C)c1,356
COc1cc(OC)cc(C(=O)Nc2sc3c(c2C(N)=O)CCCC3)c1,1700
CC(C)c1ccc(/C=C/C(=O)Nc2sc3c(c2C(N)=O)CCCC3)cc1,490
CN(C)CCNc1nc(/C=C/c2ccc(F)cc2)nc2ccccc12,760
CCN(CC)CCCC(C)Nc1nc(/C=C/c2ccc(F)cc2)nc2ccccc12,2200
CC(C)c1ccc(/C=C/c2nc(NCCCN(C)C)c3ccccc3n2)cc1,1230
CCN(CC)CCCNc1nc(/C=C/c2ccc(C(C)C)cc2)nc2ccccc12,1510
CN(C)CCCNc1nc(/C=C/c2cccs2)nc2ccccc12,5650
CCN(CC)CCCNc1nc(/C=C/c2ccc(F)cc2)nc2ccc(Cl)cc12,2560
COc1ccc(/C=C/c2nc(NCCCN3CCOCC3)c3cc(F)ccc3n2)cc1,4950
CN(C)CCCNc1nc(/C=C/c2ccc(F)c(F)c2)nc2ccc(F)cc12,5620
CCN(CC)CCCNc1nc(/C=C/c2ccc(F)c(F)c2)nc2ccc(F)cc12,7020
COc1ccc(/C=C/c2nc(NCCCN(C)C)c3cc4ccccc4cc3n2)cc1,2210
COc1cc2c(N3CCN(C(=O)Nc4ccc(OC(C)C)cc4)CC3)ncnc2cc1OCCCN1CCCCC1,9220
CCN(CC)CCNC(=O)c1c(C)[nH]c(/C=C2\C(=O)Nc3ccc(F)cc32)c1C,250
Nc1cc2c(S(=O)(=O)NCCNC/C=C/c3ccc(-c4cccnc4)cc3)cccc2cn1,19.5
COc1cc2ncnc(N3CCN(C(=O)Nc4ccsc4)CC3)c2cc1OC.Cl,7020
Cc1cc(-c2ccc3nc(Nc4cc(CN5CCN(C(=O)CC(F)(F)F)CC5)ccn4)[nH]c3c2)ccn1,0.3
CC(C)Oc1cncnc1-c1ccc2nc(Nc3cc([C@@H](C)N4CCN(C(=O)CC(F)(F)F)CC4)ccn3)[nH]c2c1,1
COc1cc(O)c2c(c1)-c1cccc(c1)[C@H](O)[C@@H](O)C(=O)/C=C\C[C@H](C)OC2=O,110
CN1CCOc2c1cnn1c(-c3ccc4c(F)ccc(NCC5(F)CCNCC5)c4n3)nnc21,3970
c1ccc(Nc2nc(NCCc3ccncc3)ncc2-c2nnc(C3CC3)o2)cc1,47
CCN1CCC(Oc2ccc(C(=O)Nc3ccc(NC(=O)Nc4cc(C(C)(C)C)on4)cc3)nc2)CC1,1
O=C(Nc1ccc(Oc2ccnc3[nH]ccc23)c(F)c1)c1cccn(-c2ccc(F)cc2)c1=O,4
CN1C/C=C/COCc2ccc(o2)-c2ccnc(n2)Nc2ccc(OCCN3CCCC3)c(c2)C1,120
COc1cc(O)c2c(c1)CCC[C@H](O)[C@H](O)C(=O)/C=C\C[C@H](C)OC2=O,1.8
CN(C)CCCNc1nc(/C=C/c2ccc(F)cc2)nc2ccc(Br)cc12,1510
CN(C)CCNc1nc(/C=C/c2cccs2)nc2cc3ccccc3cc12,1210
CC(C)(C)c1cc(NC(=O)Nc2ccc(-c3cn4c(n3)sc3cc(OCCN5CCOCC5)ccc34)cc2)no1,170
CC(C)c1ccc(/C=C/c2nc(NCCN(C)C)c3cc(Cl)ccc3n2)cc1,3620
CO/N=C/c1c(N)ncnc1N1CCN(C(=O)Nc2ccc(OC3CCCC3)nc2)CC1,18
OC1CCCCCCCNc2ncc3c(-c4ccncc4)cn(c3n2)CCCC1,37
OC1CCCCCCCNc2ncc3c(-c4ccccc4)cn(c3n2)CCCC1,280
CN1CCN(Cc2ccc(-c3cn4c5nc(ncc35)NCCCCCC(O)CCC4)cc2)CC1,12
CN1CCN(Cc2ccc(-c3cn4c5nc(ncc35)NCCCCCCNC(=O)[C@@H](N)CCC4)cc2)CC1,100
CN1CCN(Cc2ccc(-c3cn4c5nc(ncc35)NCCCCNC(=O)[C@@H](N)CCC4)cc2)CC1,20
CN1CCN(CCO/N=C2C(=C3/C(=O)Nc4ccc([N+](=O)[O-])cc43)/Nc3ccc(F)cc3/2)CC1.Cl,31.2
Cl.O=C1Nc2ccccc2/C1=C1/Nc2ccccc2/C1=N\OCCN1CCCC1,41.3
CN1CCN(c2ccc(C(=O)Nc3cc(-c4cccc(NS(=O)(=O)c5cccc(Cl)c5)c4)n[nH]3)cc2)CC1,8
CCCS(=O)(=O)Nc1cccc(-c2cc(NC(=O)c3ccc(N4CCN(C)CC4)cc3)[nH]n2)c1,100
Cc1nc(Nc2cc(-c3cccc(NS(=O)(=O)c4ccccc4)c3)n[nH]2)cc(N2CCN(C)CC2)n1,6
Cc1nc(NCCN2CCOCC2)cc(Nc2cc(-c3cccc(NS(=O)(=O)c4ccccc4)c3)n[nH]2)n1,60
COCC/C(=N\S(=O)(=O)Cc1ccc(Cl)cc1)Nc1ccc(Oc2ccnc3cc(OCCCN4CCOCC4)c(OC)cc23)c(F)c1,7.28
COc1cc(O)c2c(c1)CCC[C@H](O)[C@H](O)C(=O)/C=C\C[C@H](C)OC2=O,36
COc1cc(O)c(C(=O)OCc2ccc(Br)cc2)c(/C=C/CN2C(=O)C=CC2=O)c1,1900
COc1cc(O)c(C(=O)OCc2ccc(F)cc2)c(/C=C/CN2C(=O)C=CC2=O)c1,950
COc1cc(O)c2c(c1)CCC[C@H](O)[C@H](O)C(=O)/C=C\C[C@H](C)OC2=O,11
Cc1ccc(S(=O)(=O)NCCNCCCc2ccc(-c3cnc4[nH]ccc4c3)cc2)cc1,2.042
O=S(=O)(NCCNCCCc1ccc(-c2cnc3[nH]ccc3c2)cc1)c1cccc2cnccc12,1.66
O=S(=O)(NCCCCCCc1ccc(-c2cccnc2)cc1)c1cccc2cnccc12,169.82
O=S(=O)(NCCNCc1ccc(-c2cccnc2)cc1)c1cccc2cnccc12,158.49
C[C@]12O[C@H](C[C@]1(O)CO)n1c3ccccc3c3c4c(c5c6ccccc6n2c5c31)CNC4=O,2.6
CCN(CC)CCNC(=O)c1c(C)[nH]c(/C=C2\C(=O)Nc3ccc(F)cc32)c1C,31
CNC(=O)c1cccc2c1nc(Nc1ccccc1Cl)c1ccsc12,5300
O=C(CCCCCCN1C/C=C/CCOc2cccc(c2)-c2ccnc(n2)Nc2cccc(c2)C1)NO,87
Cc1cnc(Nc2ccc3c(c2)CCN(C/C=C/C(=O)NCCN2CCCCC2)C3)nc1-c1cnn(C(C)C)c1,2090
CCC[C@H](C)Nc1ncc2c(-c3ccc(CN4CCCN(C)CC4)cc3)cn([C@H]3CC[C@H](O)CC3)c2n1,70
O=C1Nc2ccc(Cl)cc2/C1=C/c1ccc(OCCN2CCOCC2)cc1,14
CN(C)CCNc1nc(/C=C/c2ccc(S(C)(=O)=O)cc2)nc2ccccc12,330
CN(C)CCCNc1nc(/C=C/c2ccc(S(C)(=O)=O)cc2)nc2ccc(Cl)cc12,870
CCN(CC)CCNc1nc(/C=C/c2ccc(S(C)(=O)=O)cc2)nc2ccc(Cl)cc12,440
CCN(CC)CCCNc1nc(/C=C/c2cccc(F)c2)nc2ccccc12,5990
CCN(CC)CCCNc1nc(/C=C/c2cccs2)nc2ccccc12,10190
CSc1ccc(/C=C/c2nc(NCCCN(C)C)c3cc(Cl)ccc3n2)cc1,1770
COc1ccc(/C=C/c2nc(NCCCN3CCOCC3)c3cc(Br)ccc3n2)cc1,9150
CN(C)CCCNc1nc(/C=C/c2cccs2)nc2ccc(Br)cc12,2810
Cc1ccc([N+](=O)[O-])cc1S(=O)(=O)N(C)CCc1cnn2ccc(Cl)nc12,0.374
Cl.[2H]C([2H])(c1cc(Nc2nc(C)cn3c(-c4cn[nH]c4)cnc23)sn1)N1CCC(F)(F)C1,46
COc1cc(OC)cc(N(CC#Cc2cc(OC)ccn2)c2ccc3ncc(-c4cnn(C)c4)nc3c2)c1,3715.35
COc1cc(OC)cc(N(CC#Cc2nccnc2Cl)c2ccc3ncc(-c4cnn(C)c4)nc3c2)c1,3801.89
Cc1ccccc1-n1cc(-c2ccccn2)nn1,9300
CN1C/C=C/CCOc2cccc(c2)-c2nc(nc3[nH]cnc23)Nc2cccc(c2)C1,58
CN1CCN(c2ccc(Nc3ncc4c(=O)c(C(N)=O)cn(-c5ccc6c(c5)CCC6)c4n3)cc2)CC1,3
NS(=O)(=O)c1ccc(Nc2ncc(-c3ccc(O)c(O)c3)o2)cc1,130
CN1CCN(c2ccc(OC(F)(F)F)c(Nc3ncc4c(n3)-c3c(c(C(N)=O)nn3C)CC4)c2)CC1,1517
c1cc2c(ncc3cnc(C4CCCCC4)n32)[nH]1,890
c1cc2c(ncc3nnc(C4CCCCC4)n32)[nH]1,27300
Cn1nc(C2CCCCC2)c2c3cc[nH]c3ncc21,440
O=C(Nc1ccc(Oc2ncnc3[nH]ncc23)cc1)Nc1ccc(Cl)c(C(F)(F)F)c1,3
O=C(Nc1ccc(Oc2ncnc3[nH]ncc23)cc1)Nc1cccc(C(F)(F)F)c1,9
O=C(Nc1ccc(Oc2ncnc3[nH]ncc23)cc1)Nc1ccc(C(F)(F)F)cc1,32
N#Cc1cc(-c2cnc3cc(-c4ccccc4)ccn23)ccc1F,230
COc1cc2nccc(Oc3ccc(NC(=O)N/N=C/c4cn(-c5ccccc5OC)nn4)cc3)c2cc1OC,312
COc1cc(C2=C(c3c[nH]c4ncccc34)C(=O)NC2=O)cc(OC)c1OC,132
O=C(Nc1ccc(Oc2ncnc3[nH]ncc23)cc1)Nc1ccc(C(F)(F)F)cc1Cl,18
Cn1cc(Nc2ncc(Br)c(N[C@H]3[C@@H](C(N)=O)[C@@H]4C=C[C@H]3C4)n2)cn1,1
O=C(CC(=O)Nc1ccc2c(c1)NC(=O)/C2=C\c1ccc[nH]1)Nc1ccc(F)cc1,11
Nc1ncc(-c2cnn(CCO)c2)c2scc(-c3ccc(NC(=O)Nc4cccc(F)c4)cc3)c12,1.3
NCCCCCCNc1nc(Nc2ccc(CN3CCOCC3)cc2)c2ncn(C3CCCC3)c2n1,69
COc1ccc2c(c1)[C@]1(C[C@H]1c1ccc3c(-c4ccc(N5CCN(C)CC5)cc4)n[nH]c3c1)C(=O)N2,45
COc1ccc2c(c1)[C@]1(C[C@H]1c1ccc3c(-c4ccc(C5(F)CCN(C)CC5)cc4)n[nH]c3c1)C(=O)N2,200
Cc1ccc2c(c1)/C(=C1/Nc3ccccc3/C1=N\O)C(=O)N2,28
COc1cc2c(N3CCN(C(=O)Nc4ccc(C#N)cc4)CC3)ncnc2cc1OCCCN1CCCCC1C,8790
COc1cc2ncnc(Nc3cnn(CC(=O)Nc4ccc(N(C)C)cc4)c3)c2cc1OC,4
COc1cccc(COc2ccc(Oc3ncnc4cc(OC)c(OC)cc34)cc2)c1,20
Cc1cccc(NC(=O)Nc2ccc(-c3csc4ncnc(N)c34)cc2F)c1,67
CCN1CCN(c2cc(Nc3ncc(-c4ccncc4)s3)nc(C)n2)CC1.Cl,0.1
CC(C)NCCN(c1cc(Cl)cc(Cl)c1)c1ccc2ncc(-c3cnn(C)c3)nc2c1,4897.79
COc1cc(OC)c(Cl)c(N(CCNC(C)C)c2ccc3ncc(-c4cnn(C)c4)nc3c2)c1Cl,4677.35
COCCOc1ccc2cc1CN(C)C/C=C/COCc1ccc(o1)-c1ccnc(n1)N2,1200
Cc1ccc(NC(=O)Nc2nnc(Sc3ncnc4cc(OCCCN5CCOCC5)ccc34)s2)cc1,10
Nc1nc(Nc2ccc([C@H]3CC[C@H](N4CCOCC4)CC3)cc2)nn1-c1ccccn1,1.3
CCNC(=O)Nc1ccc(-c2cc(NC(=O)c3ccc(N4CCN(C)CC4)cc3)[nH]n2)cc1,94
COCCn1nc(N)c2c(-c3ccc(NC(=O)Nc4cc(C)ccc4F)cc3)cccc21,480
Cc1cccc(NC(=O)Nc2ccc(-c3cccc4c3c(N)nn4CCN3CCOCC3)cc2)c1,860
O=C1CC/C=C\COc2cccc(c2)-c2ccnc(n2)Nc2cccc(c2)N1,1000
COc1ccc2cc(C(=O)c3cc4cc(OCCN(C)C)ccc4[nH]3)[nH]c2c1,6700
O=C(c1cc2cc(O)ccc2[nH]1)c1cc2c(Cl)cccc2[nH]1,920
COc1ccc2cc(C(=O)c3cc4cc(O)ccc4[nH]3)[nH]c2c1,530
O=C1Nc2ccc(Cl)cc2/C1=C\c1ccc(-c2cccc(C(=O)N3CCCNCC3)c2)o1,150
COc1cc2ncnc(Nc3ccc(CC(=O)Nc4cnn(C(C)C)c4)cc3)c2cc1OC,20
COc1ccc(NC(=O)Nc2ccc(-c3cccc4onc(N)c34)cc2)cc1Cl,8
Nc1noc2cccc(-c3ccc(NC(=O)Nc4ccccc4)cc3)c12,7
Cc1ccc(F)c(NC(=O)Nc2ccc(-c3cccc4snc(N)c34)cc2)c1,1500
O=C(NCCc1ccc(O)c(Br)c1)/C(Cc1cc(Br)c(O)c(-c2cc(C/C(=N/O)C(=O)NCCc3ccc(O)c(Br)c3)cc(Br)c2O)c1)=N\O,2400
Nc1ncc(-c2cnn(C3CCNCC3)c2)cc1-c1nc2cccc(-c3ccccn3)c2o1.O=C(O)C(F)(F)F,0.6
CCn1cc(NC(=O)Cc2ccc(Oc3ncnc4cc(OC)c(OC)cc34)c(OC)c2)cn1,200
O=C(CCCCCCC(=O)N1C/C=C/CCOc2cccc(c2)-c2ccnc(n2)Nc2cccc(c2)C1)NO,1256
O=C(CCCCC(=O)N1C/C=C/CCOc2cccc(c2)-c2ccnc(n2)Nc2cccc(c2)C1)NO,556
O=C(CCCCN1C/C=C/CCOc2cccc(c2)-c2ccnc(n2)Nc2cccc(c2)C1)NO,180
CCN1CCN(c2cc(Nc3ncc(-c4ccncc4)s3)nc(C)n2)CC1.Cl,0.1
CN1CCN(c2ccc(-c3cnc4ccccc4c3)cc2NC(=O)c2c[nH]c(=O)cc2C(F)(F)F)CC1,500
CN1CCN(c2ccc(C(=O)Nc3n[nH]c4ccc(Cc5cc(F)cc(F)c5)cc34)c(NC3CCOCC3)c2)CC1,164
CCN(CCO)CCCOc1ccc2c(Nc3cc(CC(=O)Nc4cccc(F)c4)[nH]n3)ncnc2c1,100
COc1cc(C2=C(c3cn(CCCO)c4ccccc34)C(=O)NC2=O)cc(OC)c1OC,554
CN(C)CCNC(=O)c1csc2nc(-c3ccc(NC(=O)Nc4cc(C(C)(C)C)on4)cc3)cn12,22
COc1cccc2[nH]c(C(=O)c3cc4ccccc4[nH]3)cc12,4400
Cc1cc(/C=C2\C(=O)Nc3ncccc32)c2ccccc(OCCCN(C)C)c1-2,1460
COc1cc2c(Oc3ccc(NC(=O)C4(C(=O)Nc5ccc(F)cc5)CC4)cc3F)ccnc2cc1OCCCN1CCOCC1,5.38
O=c1[nH]ccc2c3cnc(Nc4ccc(N5CCNCC5)cn4)nc3n(C3CCCC3)c12,17
C[C@@H](CO)n1c2cnccc2c2cnc(Nc3ccc(N4CCNCC4)cn3)nc21,43
C[C@@H](O)CN(C)C1CCN(c2ccc(Nc3ncc4c5ccncc5n([C@H]5CC[C@H](C)CC5)c4n3)nn2)CC1,6
O=C(CC(F)(F)F)N1CCN(Cc2ccnc(Nc3nc4ccc(-c5cnn(CC6CC6)c5)cc4[nH]3)c2)CC1,9
COc1cc2ncnc(Oc3ccc(CC(=O)Nc4cnn(C(C)C)c4)cc3)c2cc1OC,7
CCn1cc(NC(=O)Cc2ccc(Oc3ccnc4cc(OC)c(OC)cc34)cn2)cn1,40
C1=C/Cn2ccc3ccc(cc32)-c2ccnc(n2)Nc2cccc(c2)COC/1,73
C1=C/Cn2ccc3ccc(cc32)-c2ccnc(n2)Nc2ccc(OCCN3CCCC3)c(c2)COC/1,7.9
Cc1cnc2nc1-c1ccc3ccn(c3c1)C/C=C/COCc1cc(ccc1OCCN1CCCC1)N2,17
C1=C/COCc2cc(ccc2OCCN2CCCC2)Nc2nccc(n2)-c2csc(c2)COC/1,45
COc1cc2ncnc(Sc3nccs3)c2cc1OC,7
Nc1nc(N)c2c(n1)NCCC(c1ccc(NC(=O)Nc3ccccc3)cc1)=N2,2858
COc1cc(N2CCC(N3CCN(C)CC3)CC2)ccc1Nc1ncc(Cl)c(Nc2ccccc2S(=O)(=O)C(C)C)n1,3000
CC1=CC(=O)N(Nc2nc(-c3nccs3)nc3sc(C)cc23)C1=O,33.43
CC1=CC(=O)N(Nc2nc(-c3ccc(F)cc3)nc3sc(C)c(C)c23)C1=O,211.1
CO/N=C/c1c(N)ncnc1N1CCN(C(=O)Nc2ccc(C(C)C)cc2)CC1,15
COc1cc2cc(c1OCCN1CCCC1)COCC=CCOCc1cccc(c1)-c1ccnc(n1)N2,6
COc1cccc2[nH]c(C(=O)c3cc4cc(O)ccc4[nH]3)cc12,670
COc1cc(O)c2c(c1)/C=C/C[C@@H](O)[C@H](O)C(=O)/C=C\C[C@H](C)OC2=O,4.9
Cc1ncc(CCCN(C)C)cc1Nc1ncc2c(n1)-c1ccc(Cl)cc1NC(=S)C2,730
CN(C)CCCc1cncc(Nc2ncc3c(n2)-c2ccc(Cl)cc2NC(=S)C3)c1,95
CCN(CC)CCCNc1nc(/C=C/c2ccc(OC)cc2)nc2ccc(Br)cc12,1960
CN1CCN(Cc2ccc(C(=O)Nc3ncc(-c4cccnc4)s3)cc2)CC1.Cl,103
CCc1nc(C(N)=O)c(Nc2ccc(N3CCC(N4CCN(C)CC4)CC3)c(C)c2)nc1NC1CCOCC1.O=C(O)/C=C/C(=O)O,0.36
CC(C)Oc1ccc(NC(=O)N2CCN(c3ncnc(N)c3/C=N/OCCNS(C)(=O)=O)CC2)cc1,146
Clc1cccc(-n2nncc2-c2ccncc2)c1,4400
Cc1ccc(-n2nncc2-c2ccncc2)cc1,2300
O=C(NCc1ccc(-c2cc(NC(=O)c3ccc(OCCN4CCOCC4)cc3)[nH]n2)cc1)OCc1cccnc1,20
Cc1nc(Nc2cc(-c3ccc(CNC(=O)OCc4cc(C)on4)cc3)n[nH]2)cc(N2CCN(C)CC2)n1,5
CN1C/C=C/CCOc2cccc(c2)-c2ccnc(n2)Nc2cc(cc(NC(=O)N3CCOCC3)c2)C1,37
COc1ccc2[nH]c(C(=O)c3cc4c(Cl)cccc4[nH]3)cc2c1,10000
CCN1CCN(c2cc(Nc3ncc(-c4ccncc4)s3)nc(C)n2)CC1.Cl,30
c1cc2c(ncc3ccc(C4CCCCC4)n32)[nH]1,150
c1cc2c(ncc3ncc(C4CCCCC4)n32)[nH]1,240
c1cc2c(ncc3onc(C4CCCCC4)c32)[nH]1,1800
Cc1cc(C)c2c(c1)/C(=C1/Nc3ccccc3/C1=N\O)C(=O)N2,952
O=Nc1c(-c2c(O)[nH]c3ccc(I)cc23)[nH]c2ccccc12,418
O=Nc1c(-c2c(O)[nH]c3ccccc23)[nH]c2ccccc12,33
CCC[C@@H](C)Nc1ncc2c(-c3ccc(CN4CCN(C)CC4)cc3)cn([C@H]3CC[C@H](O)CC3)c2n1,543
CN1CCN(Cc2ccc(-c3cn([C@H]4CC[C@H](O)CC4)c4nc(NC5CCCCC5)ncc34)cc2)CC1,73
CCC[C@H](C)Nc1ncc2c(-c3cnn(C4CCNCC4)c3)cn([C@H]3CC[C@H](O)CC3)c2n1,45
Cc1cnc(Nc2ccc(N3CCC(N(C)CCCO)CC3)c(F)c2)nc1-c1cnn(C(C)C)c1,9
CCN1CCN(c2ccc(Nc3cc(N(C)C(=O)Nc4c(Cl)c(OC)cc(OC)c4Cl)ncn3)cc2)CC1.O=P(O)(O)O,3252
Cn1ncc2c(Oc3ccc(NC(=O)Nc4ccc(C(F)(F)F)cc4)cc3)ncnc21,79
